category,desc_term,icon_filename,id,param01,param02,solution_type,title_term,type
1001,source_info_desc_15,ico_mission_shop,6200501,2052014,0,1,source_info_title_15,9
1001,season_event_title_8,ico_mail_title_event,6200502,2,8,1,season_title_2,12
1001,season_event_title_9,ico_mail_title_event,6200503,2,9,1,season_title_2,12
1001,season_event_title_10,ico_mail_title_event,6200504,2,10,1,season_title_2,12
1001,season_event_title_11,ico_mail_title_event,6200505,2,11,1,season_title_2,12
1001,source_info_desc_15,ico_mission_shop,6200601,2052023,0,1,source_info_title_15,9
1001,season_event_title_14,ico_mail_title_event,6200602,3,14,1,season_title_3,12
1001,season_event_title_15,ico_mail_title_event,6200603,3,15,1,season_title_3,12
1001,season_event_title_16,ico_mail_title_event,6200604,3,16,1,season_title_3,12
1001,season_event_title_17,ico_mail_title_event,6200605,3,17,1,season_title_3,12
1001,source_info_desc_70000001,ico_mission_sommon,8020101,1,0,1,source_info_title_7,5
1001,source_info_desc_70000001,ico_mission_sommon,8020201,1,0,1,source_info_title_7,5
14,source_info_desc_12,ico_mission_hero,8020301,0,0,1,source_info_title_12,1
1001,source_info_desc_70000001,ico_mission_sommon,8020302,1,0,1,source_info_title_7,5
14,source_info_desc_12,ico_mission_hero,8020401,0,0,1,source_info_title_12,1
1001,source_info_desc_70000001,ico_mission_sommon,8020402,1,0,1,source_info_title_7,5
1001,source_info_desc_70000001,ico_mission_sommon,8030101,1,0,1,source_info_title_7,5
1001,source_info_desc_80000002,ico_mission_sommon,8030102,2,0,1,source_info_title_8,5
15,source_info_desc_14,ico_mission_trail,8030103,0,0,1,popup_name_trail_shop,3
1001,source_info_desc_16,ico_mission_login,8030104,200002,0,1,source_info_title_11,8
1001,source_info_desc_70000001,ico_mission_sommon,8030201,1,0,1,source_info_title_7,5
1001,source_info_desc_80000002,ico_mission_sommon,8030202,2,0,1,source_info_title_8,5
15,source_info_desc_14,ico_mission_trail,8030203,0,0,1,popup_name_trail_shop,3
1001,source_info_desc_16,ico_mission_login,8030204,200002,0,1,source_info_title_11,8
1001,source_info_desc_70000001,ico_mission_sommon,8030301,1,0,1,source_info_title_7,5
1001,source_info_desc_80000002,ico_mission_sommon,8030302,2,0,1,source_info_title_8,5
1001,source_info_desc_70000001,ico_mission_sommon,8030401,1,0,1,source_info_title_7,5
1001,source_info_desc_80000002,ico_mission_sommon,8030402,2,0,1,source_info_title_8,5
15,source_info_desc_14,ico_mission_trail,8030403,0,0,1,popup_name_trail_shop,3
1001,source_info_desc_16,ico_mission_login,8030404,200002,0,1,source_info_title_11,8
1001,source_info_desc_70000001,ico_mission_sommon,8030501,1,0,1,source_info_title_7,5
1001,source_info_desc_80000002,ico_mission_sommon,8030502,2,0,1,source_info_title_8,5
15,source_info_desc_14,ico_mission_trail,8030503,0,0,1,popup_name_trail_shop,3
1001,source_info_desc_16,ico_mission_login,8030504,200002,0,1,source_info_title_11,8
1001,source_info_desc_70000001,ico_mission_sommon,8030601,1,0,1,source_info_title_7,5
1001,source_info_desc_80000002,ico_mission_sommon,8030602,2,0,1,source_info_title_8,5
1001,source_info_desc_16,ico_mission_login,8030603,430001,0,1,source_info_title_11,8
0,source_info_desc_30001001,ico_mission_destroy,8030701,0,0,0,source_info_title_3,0
1001,source_info_desc_16,ico_mission_login,8030702,510001,0,1,source_info_title_11,8
14,source_info_desc_12,ico_mission_hero,8030801,0,0,1,source_info_title_12,1
1001,source_info_desc_70000001,ico_mission_sommon,8030802,1,0,1,source_info_title_7,5
1001,source_info_desc_80000002,ico_mission_sommon,8030803,2,0,1,source_info_title_8,5
1001,source_info_desc_70000001,ico_mission_sommon,8030901,1,0,1,source_info_title_7,5
1001,source_info_desc_80000002,ico_mission_sommon,8030902,2,0,1,source_info_title_8,5
15,source_info_desc_14,ico_mission_trail,8040101,0,0,1,popup_name_trail_shop,3
1001,source_info_desc_15,ico_mission_shop,8040102,0,0,1,source_info_title_15,9
1001,source_info_desc_1502051009,ico_mission_shop,8040103,0,0,1,source_info_title_15,9
1001,source_info_desc_16,ico_mission_login,8040104,440001,0,1,source_info_title_11,8
1001,source_info_desc_23,ico_mission_shop,8040201,80402,0,1,source_info_title_23,14
1001,source_info_desc_80000002,ico_mission_sommon,8040301,2,0,1,source_info_title_8,5
1001,source_info_desc_16,ico_mission_login,8040302,8001001,0,1,source_info_title_11,8
1001,source_info_desc_15,ico_mission_shop,8040401,1040002,0,1,source_info_title_15,9
1001,source_info_desc_1502051009,ico_mission_shop,8040402,0,0,1,source_info_title_15,9
1001,source_info_desc_16,ico_mission_login,8040403,3440001,0,1,source_info_title_11,8
1001,source_info_desc_15,ico_mission_shop,8040501,1040003,0,1,source_info_title_15,9
1001,source_info_desc_1502051009,ico_mission_shop,8040502,0,0,1,source_info_title_15,9
1001,source_info_desc_16,ico_mission_login,8040503,5440001,0,1,source_info_title_11,8
1001,source_info_desc_15,ico_mission_shop,8040601,1010001,0,1,source_info_title_15,9
1001,source_info_desc_16,ico_mission_login,8040701,7440001,0,1,source_info_title_11,8
14,source_info_desc_12,ico_mission_hero,8040801,0,0,1,source_info_title_12,1
1001,source_info_desc_80000002,ico_mission_sommon,8040802,2,0,1,source_info_title_8,5
15,source_info_desc_14,ico_mission_trail,8040803,0,0,1,popup_name_trail_shop,3
1001,source_info_desc_16,ico_mission_login,8040804,300001,0,1,source_info_title_11,8
1001,source_info_desc_16,ico_mission_login,8041301,8002001,0,1,source_info_title_11,8
1001,source_info_desc_16,ico_mission_login,9100201,150001,0,1,source_info_title_11,8
1001,source_info_desc_22_1,ico_mail_title_event,9101101,1,1006,1,season_title_1,12
1001,source_info_desc_22_1,ico_mail_title_event,9101201,1,1006,1,season_title_1,12
1001,source_info_desc_22_1,ico_mail_title_event,9101401,1,1006,1,season_title_1,12
1001,source_info_desc_22_1,ico_mail_title_event,9101501,1,1001,1,season_title_1,12
1001,season_event_title_8,ico_mail_title_event,9102101,2,12,1,season_title_2,12
1001,season_event_title_8,ico_mail_title_event,9102201,2,12,1,season_title_2,12
1001,season_event_title_8,ico_mail_title_event,9102401,2,12,1,season_title_2,12
1001,source_info_desc_24,ico_mission_benefits,9104101,7000001,0,1,hud_benefits_name,15
1001,source_info_desc_15,ico_mission_shop,9310101,2052010,0,1,source_info_title_15,9
1001,source_info_desc_15,ico_mission_shop,9310301,2052014,0,1,source_info_title_15,9
1001,source_info_desc_15,ico_mission_shop,9310501,2052023,0,1,source_info_title_15,9
1001,source_info_desc_17,ico_mission_forge,10110101,0,0,1,source_info_title_17,10
1001,source_info_desc_18,ico_mission_raid,10110102,0,0,1,source_info_title_18,11
14,source_info_desc_19,ico_mission_trail,10110103,0,0,1,source_info_title_19,1
1001,source_info_desc_17,ico_mission_forge,10110201,0,0,1,source_info_title_17,10
1001,source_info_desc_18,ico_mission_raid,10110202,0,0,1,source_info_title_18,11
14,source_info_desc_19,ico_mission_trail,10110203,0,0,1,source_info_title_19,1
1001,source_info_desc_17,ico_mission_forge,10110301,0,0,1,source_info_title_17,10
1001,source_info_desc_18,ico_mission_raid,10110302,0,0,1,source_info_title_18,11
14,source_info_desc_19,ico_mission_trail,10110303,0,0,1,source_info_title_19,1
1001,source_info_desc_17,ico_mission_forge,10110401,0,0,1,source_info_title_17,10
1001,source_info_desc_18,ico_mission_raid,10110402,0,0,1,source_info_title_18,11
14,source_info_desc_19,ico_mission_trail,10110403,0,0,1,source_info_title_19,1
1001,source_info_desc_17,ico_mission_forge,10110501,0,0,1,source_info_title_17,10
1001,source_info_desc_18,ico_mission_raid,10110502,0,0,1,source_info_title_18,11
14,source_info_desc_19,ico_mission_trail,10110503,0,0,1,source_info_title_19,1
1001,source_info_desc_17,ico_mission_forge,10110601,0,0,1,source_info_title_17,10
1001,source_info_desc_18,ico_mission_raid,10110602,0,0,1,source_info_title_18,11
14,source_info_desc_19,ico_mission_trail,10110603,0,0,1,source_info_title_19,1
1001,source_info_desc_17,ico_mission_forge,10110701,0,0,1,source_info_title_17,10
1001,source_info_desc_18,ico_mission_raid,10110702,0,0,1,source_info_title_18,11
14,source_info_desc_19,ico_mission_trail,10110703,0,0,1,source_info_title_19,1
1001,source_info_desc_17,ico_mission_forge,10110801,0,0,1,source_info_title_17,10
1001,source_info_desc_18,ico_mission_raid,10110802,0,0,1,source_info_title_18,11
14,source_info_desc_19,ico_mission_trail,10110803,0,0,1,source_info_title_19,1
1001,source_info_desc_17,ico_mission_forge,10120101,0,0,1,source_info_title_17,10
1001,source_info_desc_18,ico_mission_raid,10120102,0,0,1,source_info_title_18,11
14,source_info_desc_19,ico_mission_trail,10120103,0,0,1,source_info_title_19,1
1001,source_info_desc_17,ico_mission_forge,10120201,0,0,1,source_info_title_17,10
1001,source_info_desc_18,ico_mission_raid,10120202,0,0,1,source_info_title_18,11
14,source_info_desc_19,ico_mission_trail,10120203,0,0,1,source_info_title_19,1
1001,source_info_desc_17,ico_mission_forge,10120301,0,0,1,source_info_title_17,10
1001,source_info_desc_18,ico_mission_raid,10120302,0,0,1,source_info_title_18,11
14,source_info_desc_19,ico_mission_trail,10120303,0,0,1,source_info_title_19,1
1001,source_info_desc_17,ico_mission_forge,10120401,0,0,1,source_info_title_17,10
1001,source_info_desc_18,ico_mission_raid,10120402,0,0,1,source_info_title_18,11
14,source_info_desc_19,ico_mission_trail,10120403,0,0,1,source_info_title_19,1
1001,source_info_desc_17,ico_mission_forge,10120501,0,0,1,source_info_title_17,10
1001,source_info_desc_18,ico_mission_raid,10120502,0,0,1,source_info_title_18,11
14,source_info_desc_19,ico_mission_trail,10120503,0,0,1,source_info_title_19,1
1001,source_info_desc_17,ico_mission_forge,10130101,0,0,1,source_info_title_17,10
1001,source_info_desc_18,ico_mission_raid,10130102,0,0,1,source_info_title_18,11
14,source_info_desc_19,ico_mission_trail,10130103,0,0,1,source_info_title_19,1
1001,source_info_desc_17,ico_mission_forge,10130201,0,0,1,source_info_title_17,10
1001,source_info_desc_18,ico_mission_raid,10130202,0,0,1,source_info_title_18,11
14,source_info_desc_19,ico_mission_trail,10130203,0,0,1,source_info_title_19,1
1001,source_info_desc_17,ico_mission_forge,10130301,0,0,1,source_info_title_17,10
1001,source_info_desc_18,ico_mission_raid,10130302,0,0,1,source_info_title_18,11
14,source_info_desc_19,ico_mission_trail,10130303,0,0,1,source_info_title_19,1
1001,source_info_desc_17,ico_mission_forge,10130401,0,0,1,source_info_title_17,10
1001,source_info_desc_18,ico_mission_raid,10130402,0,0,1,source_info_title_18,11
14,source_info_desc_19,ico_mission_trail,10130403,0,0,1,source_info_title_19,1
1001,source_info_desc_17,ico_mission_forge,10130501,0,0,1,source_info_title_17,10
1001,source_info_desc_18,ico_mission_raid,10130502,0,0,1,source_info_title_18,11
14,source_info_desc_19,ico_mission_trail,10130503,0,0,1,source_info_title_19,1
1001,source_info_desc_17,ico_mission_forge,10140101,0,0,1,source_info_title_17,10
1001,source_info_desc_18,ico_mission_raid,10140102,0,0,1,source_info_title_18,11
14,source_info_desc_19,ico_mission_trail,10140103,0,0,1,source_info_title_19,1
1001,source_info_desc_17,ico_mission_forge,10140201,0,0,1,source_info_title_17,10
1001,source_info_desc_18,ico_mission_raid,10140202,0,0,1,source_info_title_18,11
14,source_info_desc_19,ico_mission_trail,10140203,0,0,1,source_info_title_19,1
1001,source_info_desc_17,ico_mission_forge,10140301,0,0,1,source_info_title_17,10
1001,source_info_desc_18,ico_mission_raid,10140302,0,0,1,source_info_title_18,11
14,source_info_desc_19,ico_mission_trail,10140303,0,0,1,source_info_title_19,1
1001,source_info_desc_17,ico_mission_forge,10140401,0,0,1,source_info_title_17,10
1001,source_info_desc_18,ico_mission_raid,10140402,0,0,1,source_info_title_18,11
14,source_info_desc_19,ico_mission_trail,10140403,0,0,1,source_info_title_19,1
1001,source_info_desc_17,ico_mission_forge,10140501,0,0,1,source_info_title_17,10
1001,source_info_desc_18,ico_mission_raid,10140502,0,0,1,source_info_title_18,11
14,source_info_desc_19,ico_mission_trail,10140503,0,0,1,source_info_title_19,1
7,source_info_desc_20,ico_mission_gathering,11004001,1,105,1,source_info_title_20,1
7,source_info_desc_21,ico_mission_gathering,11004002,1,5,1,source_info_title_21,4
14,source_info_desc_12,ico_mission_hero,11012001,0,0,1,source_info_title_12,1
1001,source_info_desc_15,ico_mission_shop,11012002,2020007,0,1,source_info_title_15,9
1001,source_info_desc_1502051009,ico_mission_shop,11012003,1030007,0,1,source_info_title_15,9
1001,source_info_desc_16,ico_mission_login,11012004,140003,0,1,source_info_title_11,8
1001,source_info_desc_10,ico_mission_shop,12010301,120103,0,1,source_info_title_10,7
1001,source_info_desc_15,ico_mission_shop,12010302,2054006,0,1,source_info_title_15,9
1001,source_info_desc_10,ico_mission_shop,12020301,120203,0,1,source_info_title_10,7
1001,source_info_desc_10000000,ico_mission_shop,12030101,120301,0,1,source_info_title_1,1
0,0,0,12030102,0,0,0,0,0
0,0,0,12030103,0,0,0,0,0
1001,source_info_desc_10000000,ico_mission_shop,12030201,120302,0,1,source_info_title_1,1
1001,source_info_desc_10000000,ico_mission_shop,12030301,120303,0,1,source_info_title_1,1
0,0,0,12030302,0,0,0,0,0
0,0,0,12030303,0,0,0,0,0
1001,source_info_desc_10000000,ico_mission_shop,12030401,120304,0,1,source_info_title_1,1
1001,source_info_desc_10000000,ico_mission_shop,12030501,120305,0,1,source_info_title_1,1
0,0,0,14100101,0,0,0,0,0
0,0,0,14100102,0,0,0,0,0
1001,source_info_desc_10,ico_mission_shop,14100201,141002,0,1,source_info_title_10,7
1001,source_info_desc_15,ico_mission_shop,14100202,0,0,1,source_info_title_15,9
0,0,0,14100203,0,0,0,0,0
0,0,0,14100204,0,0,0,0,0
1001,source_info_desc_10,ico_mission_shop,14100301,141003,0,1,source_info_title_10,7
1001,source_info_desc_15,ico_mission_shop,14100302,0,0,1,source_info_title_15,9
0,0,0,14100303,0,0,0,0,0
0,0,0,14100304,0,0,0,0,0
14,source_info_desc_12,ico_mission_hero,15100101,0,0,1,source_info_title_12,1
1001,source_info_desc_70000001,ico_mission_sommon,15100102,1,0,1,source_info_title_7,5
1001,source_info_desc_20000001,ico_mission_destroy,15100103,0,0,1,source_info_title_2,2
15,source_info_desc_14,ico_mission_trail,15100104,0,0,1,popup_name_trail_shop,3
14,source_info_desc_12,ico_mission_hero,15100201,0,0,1,source_info_title_12,1
1001,source_info_desc_10,ico_mission_shop,15100202,151002,0,1,source_info_title_10,7
1001,source_info_desc_70000001,ico_mission_sommon,15100203,1,0,1,source_info_title_7,5
1001,source_info_desc_80000002,ico_mission_sommon,15100204,2,0,1,source_info_title_8,5
15,source_info_desc_14,ico_mission_trail,15100205,0,0,1,popup_name_trail_shop,3
1001,source_info_desc_15,ico_mission_shop,15100206,0,0,1,source_info_title_15,9
14,source_info_desc_12,ico_mission_hero,15100301,0,0,1,source_info_title_12,1
1001,source_info_desc_10,ico_mission_shop,15100302,151003,0,1,source_info_title_10,7
1001,source_info_desc_80000002,ico_mission_sommon,15100303,2,0,1,source_info_title_8,5
15,source_info_desc_14,ico_mission_trail,15100304,0,0,1,popup_name_trail_shop,3
1001,source_info_desc_15,ico_mission_shop,15100305,1010001,0,1,source_info_title_15,9
1001,source_info_desc_1502051009,ico_mission_shop,15100306,0,0,1,source_info_title_15,9
1001,source_info_desc_10000000,ico_mission_shop,17100101,171001,0,1,source_info_title_1,1
1001,source_info_desc_10,ico_mission_shop,17100102,171001,0,1,source_info_title_10,7
1001,source_info_desc_16,ico_mission_login,17100103,200002,0,1,source_info_title_11,8
1001,source_info_desc_10000000,ico_mission_shop,18100101,181001,0,1,source_info_title_1,1
0,source_info_desc_30001001,ico_mission_destroy,19200101,0,0,0,source_info_title_3,0
0,0,0,20100101,0,0,0,0,0
0,0,0,20100102,0,0,0,0,0
1001,source_info_desc_16,ico_mission_login,20100103,110013,0,1,source_info_title_11,8
1001,source_info_desc_17,ico_mission_forge,20110101,0,0,1,source_info_title_17,10
1001,source_info_desc_18,ico_mission_raid,20110102,0,0,1,source_info_title_18,11
14,source_info_desc_19,ico_mission_trail,20110103,0,0,1,source_info_title_19,1
1001,source_info_desc_17,ico_mission_forge,20110201,0,0,1,source_info_title_17,10
1001,source_info_desc_18,ico_mission_raid,20110202,0,0,1,source_info_title_18,11
14,source_info_desc_19,ico_mission_trail,20110203,0,0,1,source_info_title_19,1
1001,source_info_desc_17,ico_mission_forge,20110301,0,0,1,source_info_title_17,10
1001,source_info_desc_18,ico_mission_raid,20110302,0,0,1,source_info_title_18,11
14,source_info_desc_19,ico_mission_trail,20110303,0,0,1,source_info_title_19,1
1001,source_info_desc_17,ico_mission_forge,20110401,0,0,1,source_info_title_17,10
1001,source_info_desc_18,ico_mission_raid,20110402,0,0,1,source_info_title_18,11
14,source_info_desc_19,ico_mission_trail,20110403,0,0,1,source_info_title_19,1
1001,source_info_desc_17,ico_mission_forge,20110501,0,0,1,source_info_title_17,10
1001,source_info_desc_18,ico_mission_raid,20110502,0,0,1,source_info_title_18,11
14,source_info_desc_19,ico_mission_trail,20110503,0,0,1,source_info_title_19,1
1001,source_info_desc_17,ico_mission_forge,20110601,0,0,1,source_info_title_17,10
1001,source_info_desc_18,ico_mission_raid,20110602,0,0,1,source_info_title_18,11
14,source_info_desc_19,ico_mission_trail,20110603,0,0,1,source_info_title_19,1
1001,source_info_desc_17,ico_mission_forge,20110701,0,0,1,source_info_title_17,10
1001,source_info_desc_18,ico_mission_raid,20110702,0,0,1,source_info_title_18,11
14,source_info_desc_19,ico_mission_trail,20110703,0,0,1,source_info_title_19,1
1001,source_info_desc_17,ico_mission_forge,20110801,0,0,1,source_info_title_17,10
1001,source_info_desc_18,ico_mission_raid,20110802,0,0,1,source_info_title_18,11
14,source_info_desc_19,ico_mission_trail,20110803,0,0,1,source_info_title_19,1
1001,source_info_desc_17,ico_mission_forge,20120101,0,0,1,source_info_title_17,10
1001,source_info_desc_18,ico_mission_raid,20120102,0,0,1,source_info_title_18,11
14,source_info_desc_19,ico_mission_trail,20120103,0,0,1,source_info_title_19,1
1001,source_info_desc_17,ico_mission_forge,20120201,0,0,1,source_info_title_17,10
1001,source_info_desc_18,ico_mission_raid,20120202,0,0,1,source_info_title_18,11
14,source_info_desc_19,ico_mission_trail,20120203,0,0,1,source_info_title_19,1
1001,source_info_desc_17,ico_mission_forge,20120301,0,0,1,source_info_title_17,10
1001,source_info_desc_18,ico_mission_raid,20120302,0,0,1,source_info_title_18,11
14,source_info_desc_19,ico_mission_trail,20120303,0,0,1,source_info_title_19,1
1001,source_info_desc_17,ico_mission_forge,20120401,0,0,1,source_info_title_17,10
1001,source_info_desc_18,ico_mission_raid,20120402,0,0,1,source_info_title_18,11
14,source_info_desc_19,ico_mission_trail,20120403,0,0,1,source_info_title_19,1
1001,source_info_desc_17,ico_mission_forge,20120501,0,0,1,source_info_title_17,10
1001,source_info_desc_18,ico_mission_raid,20120502,0,0,1,source_info_title_18,11
14,source_info_desc_19,ico_mission_trail,20120503,0,0,1,source_info_title_19,1
1001,source_info_desc_17,ico_mission_forge,20130101,0,0,1,source_info_title_17,10
1001,source_info_desc_18,ico_mission_raid,20130102,0,0,1,source_info_title_18,11
14,source_info_desc_19,ico_mission_trail,20130103,0,0,1,source_info_title_19,1
1001,source_info_desc_17,ico_mission_forge,20130201,0,0,1,source_info_title_17,10
1001,source_info_desc_18,ico_mission_raid,20130202,0,0,1,source_info_title_18,11
14,source_info_desc_19,ico_mission_trail,20130203,0,0,1,source_info_title_19,1
1001,source_info_desc_17,ico_mission_forge,20130301,0,0,1,source_info_title_17,10
1001,source_info_desc_18,ico_mission_raid,20130302,0,0,1,source_info_title_18,11
14,source_info_desc_19,ico_mission_trail,20130303,0,0,1,source_info_title_19,1
1001,source_info_desc_17,ico_mission_forge,20130401,0,0,1,source_info_title_17,10
1001,source_info_desc_18,ico_mission_raid,20130402,0,0,1,source_info_title_18,11
14,source_info_desc_19,ico_mission_trail,20130403,0,0,1,source_info_title_19,1
1001,source_info_desc_17,ico_mission_forge,20130501,0,0,1,source_info_title_17,10
1001,source_info_desc_18,ico_mission_raid,20130502,0,0,1,source_info_title_18,11
14,source_info_desc_19,ico_mission_trail,20130503,0,0,1,source_info_title_19,1
1001,source_info_desc_17,ico_mission_forge,20140101,0,0,1,source_info_title_17,10
1001,source_info_desc_18,ico_mission_raid,20140102,0,0,1,source_info_title_18,11
14,source_info_desc_19,ico_mission_trail,20140103,0,0,1,source_info_title_19,1
1001,source_info_desc_17,ico_mission_forge,20140201,0,0,1,source_info_title_17,10
1001,source_info_desc_18,ico_mission_raid,20140202,0,0,1,source_info_title_18,11
14,source_info_desc_19,ico_mission_trail,20140203,0,0,1,source_info_title_19,1
1001,source_info_desc_17,ico_mission_forge,20140301,0,0,1,source_info_title_17,10
1001,source_info_desc_18,ico_mission_raid,20140302,0,0,1,source_info_title_18,11
14,source_info_desc_19,ico_mission_trail,20140303,0,0,1,source_info_title_19,1
1001,source_info_desc_17,ico_mission_forge,20140401,0,0,1,source_info_title_17,10
1001,source_info_desc_18,ico_mission_raid,20140402,0,0,1,source_info_title_18,11
14,source_info_desc_19,ico_mission_trail,20140403,0,0,1,source_info_title_19,1
1001,source_info_desc_17,ico_mission_forge,20140501,0,0,1,source_info_title_17,10
1001,source_info_desc_18,ico_mission_raid,20140502,0,0,1,source_info_title_18,11
14,source_info_desc_19,ico_mission_trail,20140503,0,0,1,source_info_title_19,1
1001,source_info_desc_10,ico_mission_shop,20200101,202001,0,1,source_info_title_10,7
1001,source_info_desc_15,ico_mission_shop,20200102,2054006,0,1,source_info_title_15,9
0,0,0,20200103,0,0,0,0,0
0,0,0,20200104,0,0,0,0,0
0,0,0,20200201,0,0,0,0,0
0,0,0,20200202,0,0,0,0,0
1001,source_info_desc_16,ico_mission_login,28100101,510001,0,1,source_info_title_11,8
1001,source_info_desc_16,ico_mission_login,28100201,510001,0,1,source_info_title_11,8
1001,season_event_title_7,ico_mail_title_event,29200301,2,7,1,season_title_2,12
1001,season_event_title_13,ico_mail_title_event,29200401,3,14,1,season_title_3,12
1001,daily_point_reward_text,ico_main_mission,30100101,1,0,1,missiondaily_title_text,13
1001,source_info_desc_10000000,ico_mission_shop,30100102,301001,0,1,source_info_title_1,1
1001,source_info_desc_17,ico_mission_forge,30110101,0,0,1,source_info_title_17,10
1001,source_info_desc_18,ico_mission_raid,30110102,0,0,1,source_info_title_18,11
14,source_info_desc_19,ico_mission_trail,30110103,0,0,1,source_info_title_19,1
1001,source_info_desc_17,ico_mission_forge,30110201,0,0,1,source_info_title_17,10
1001,source_info_desc_18,ico_mission_raid,30110202,0,0,1,source_info_title_18,11
14,source_info_desc_19,ico_mission_trail,30110203,0,0,1,source_info_title_19,1
1001,source_info_desc_17,ico_mission_forge,30110301,0,0,1,source_info_title_17,10
1001,source_info_desc_18,ico_mission_raid,30110302,0,0,1,source_info_title_18,11
14,source_info_desc_19,ico_mission_trail,30110303,0,0,1,source_info_title_19,1
1001,source_info_desc_17,ico_mission_forge,30110401,0,0,1,source_info_title_17,10
1001,source_info_desc_18,ico_mission_raid,30110402,0,0,1,source_info_title_18,11
14,source_info_desc_19,ico_mission_trail,30110403,0,0,1,source_info_title_19,1
1001,source_info_desc_17,ico_mission_forge,30110501,0,0,1,source_info_title_17,10
1001,source_info_desc_18,ico_mission_raid,30110502,0,0,1,source_info_title_18,11
14,source_info_desc_19,ico_mission_trail,30110503,0,0,1,source_info_title_19,1
1001,source_info_desc_17,ico_mission_forge,30110601,0,0,1,source_info_title_17,10
1001,source_info_desc_18,ico_mission_raid,30110602,0,0,1,source_info_title_18,11
14,source_info_desc_19,ico_mission_trail,30110603,0,0,1,source_info_title_19,1
1001,source_info_desc_17,ico_mission_forge,30110701,0,0,1,source_info_title_17,10
1001,source_info_desc_18,ico_mission_raid,30110702,0,0,1,source_info_title_18,11
14,source_info_desc_19,ico_mission_trail,30110703,0,0,1,source_info_title_19,1
1001,source_info_desc_17,ico_mission_forge,30110801,0,0,1,source_info_title_17,10
1001,source_info_desc_18,ico_mission_raid,30110802,0,0,1,source_info_title_18,11
14,source_info_desc_19,ico_mission_trail,30110803,0,0,1,source_info_title_19,1
1001,source_info_desc_17,ico_mission_forge,30120101,0,0,1,source_info_title_17,10
1001,source_info_desc_18,ico_mission_raid,30120102,0,0,1,source_info_title_18,11
14,source_info_desc_19,ico_mission_trail,30120103,0,0,1,source_info_title_19,1
1001,source_info_desc_17,ico_mission_forge,30120201,0,0,1,source_info_title_17,10
1001,source_info_desc_18,ico_mission_raid,30120202,0,0,1,source_info_title_18,11
14,source_info_desc_19,ico_mission_trail,30120203,0,0,1,source_info_title_19,1
1001,source_info_desc_17,ico_mission_forge,30120301,0,0,1,source_info_title_17,10
1001,source_info_desc_18,ico_mission_raid,30120302,0,0,1,source_info_title_18,11
14,source_info_desc_19,ico_mission_trail,30120303,0,0,1,source_info_title_19,1
1001,source_info_desc_17,ico_mission_forge,30120401,0,0,1,source_info_title_17,10
1001,source_info_desc_18,ico_mission_raid,30120402,0,0,1,source_info_title_18,11
14,source_info_desc_19,ico_mission_trail,30120403,0,0,1,source_info_title_19,1
1001,source_info_desc_17,ico_mission_forge,30120501,0,0,1,source_info_title_17,10
1001,source_info_desc_18,ico_mission_raid,30120502,0,0,1,source_info_title_18,11
14,source_info_desc_19,ico_mission_trail,30120503,0,0,1,source_info_title_19,1
1001,source_info_desc_17,ico_mission_forge,30130101,0,0,1,source_info_title_17,10
1001,source_info_desc_18,ico_mission_raid,30130102,0,0,1,source_info_title_18,11
14,source_info_desc_19,ico_mission_trail,30130103,0,0,1,source_info_title_19,1
1001,source_info_desc_17,ico_mission_forge,30130201,0,0,1,source_info_title_17,10
1001,source_info_desc_18,ico_mission_raid,30130202,0,0,1,source_info_title_18,11
14,source_info_desc_19,ico_mission_trail,30130203,0,0,1,source_info_title_19,1
1001,source_info_desc_17,ico_mission_forge,30130301,0,0,1,source_info_title_17,10
1001,source_info_desc_18,ico_mission_raid,30130302,0,0,1,source_info_title_18,11
14,source_info_desc_19,ico_mission_trail,30130303,0,0,1,source_info_title_19,1
1001,source_info_desc_17,ico_mission_forge,30130401,0,0,1,source_info_title_17,10
1001,source_info_desc_18,ico_mission_raid,30130402,0,0,1,source_info_title_18,11
14,source_info_desc_19,ico_mission_trail,30130403,0,0,1,source_info_title_19,1
1001,source_info_desc_17,ico_mission_forge,30130501,0,0,1,source_info_title_17,10
1001,source_info_desc_18,ico_mission_raid,30130502,0,0,1,source_info_title_18,11
14,source_info_desc_19,ico_mission_trail,30130503,0,0,1,source_info_title_19,1
1001,source_info_desc_17,ico_mission_forge,30140101,0,0,1,source_info_title_17,10
1001,source_info_desc_18,ico_mission_raid,30140102,0,0,1,source_info_title_18,11
14,source_info_desc_19,ico_mission_trail,30140103,0,0,1,source_info_title_19,1
1001,source_info_desc_17,ico_mission_forge,30140201,0,0,1,source_info_title_17,10
1001,source_info_desc_18,ico_mission_raid,30140202,0,0,1,source_info_title_18,11
14,source_info_desc_19,ico_mission_trail,30140203,0,0,1,source_info_title_19,1
1001,source_info_desc_17,ico_mission_forge,30140301,0,0,1,source_info_title_17,10
1001,source_info_desc_18,ico_mission_raid,30140302,0,0,1,source_info_title_18,11
14,source_info_desc_19,ico_mission_trail,30140303,0,0,1,source_info_title_19,1
1001,source_info_desc_17,ico_mission_forge,30140401,0,0,1,source_info_title_17,10
1001,source_info_desc_18,ico_mission_raid,30140402,0,0,1,source_info_title_18,11
14,source_info_desc_19,ico_mission_trail,30140403,0,0,1,source_info_title_19,1
1001,source_info_desc_17,ico_mission_forge,30140501,0,0,1,source_info_title_17,10
1001,source_info_desc_18,ico_mission_raid,30140502,0,0,1,source_info_title_18,11
14,source_info_desc_19,ico_mission_trail,30140503,0,0,1,source_info_title_19,1
1001,source_info_desc_17,ico_mission_forge,40110101,0,0,1,source_info_title_17,10
1001,source_info_desc_18,ico_mission_raid,40110102,0,0,1,source_info_title_18,11
14,source_info_desc_19,ico_mission_trail,40110103,0,0,1,source_info_title_19,1
1001,source_info_desc_17,ico_mission_forge,40110201,0,0,1,source_info_title_17,10
1001,source_info_desc_18,ico_mission_raid,40110202,0,0,1,source_info_title_18,11
14,source_info_desc_19,ico_mission_trail,40110203,0,0,1,source_info_title_19,1
1001,source_info_desc_17,ico_mission_forge,40110301,0,0,1,source_info_title_17,10
1001,source_info_desc_18,ico_mission_raid,40110302,0,0,1,source_info_title_18,11
14,source_info_desc_19,ico_mission_trail,40110303,0,0,1,source_info_title_19,1
1001,source_info_desc_17,ico_mission_forge,40110401,0,0,1,source_info_title_17,10
1001,source_info_desc_18,ico_mission_raid,40110402,0,0,1,source_info_title_18,11
14,source_info_desc_19,ico_mission_trail,40110403,0,0,1,source_info_title_19,1
1001,source_info_desc_17,ico_mission_forge,40110501,0,0,1,source_info_title_17,10
1001,source_info_desc_18,ico_mission_raid,40110502,0,0,1,source_info_title_18,11
14,source_info_desc_19,ico_mission_trail,40110503,0,0,1,source_info_title_19,1
1001,source_info_desc_17,ico_mission_forge,40110601,0,0,1,source_info_title_17,10
1001,source_info_desc_18,ico_mission_raid,40110602,0,0,1,source_info_title_18,11
14,source_info_desc_19,ico_mission_trail,40110603,0,0,1,source_info_title_19,1
1001,source_info_desc_17,ico_mission_forge,40110701,0,0,1,source_info_title_17,10
1001,source_info_desc_18,ico_mission_raid,40110702,0,0,1,source_info_title_18,11
14,source_info_desc_19,ico_mission_trail,40110703,0,0,1,source_info_title_19,1
1001,source_info_desc_17,ico_mission_forge,40110801,0,0,1,source_info_title_17,10
1001,source_info_desc_18,ico_mission_raid,40110802,0,0,1,source_info_title_18,11
14,source_info_desc_19,ico_mission_trail,40110803,0,0,1,source_info_title_19,1
1001,source_info_desc_17,ico_mission_forge,40120101,0,0,1,source_info_title_17,10
1001,source_info_desc_18,ico_mission_raid,40120102,0,0,1,source_info_title_18,11
14,source_info_desc_19,ico_mission_trail,40120103,0,0,1,source_info_title_19,1
1001,source_info_desc_17,ico_mission_forge,40120201,0,0,1,source_info_title_17,10
1001,source_info_desc_18,ico_mission_raid,40120202,0,0,1,source_info_title_18,11
14,source_info_desc_19,ico_mission_trail,40120203,0,0,1,source_info_title_19,1
1001,source_info_desc_17,ico_mission_forge,40120301,0,0,1,source_info_title_17,10
1001,source_info_desc_18,ico_mission_raid,40120302,0,0,1,source_info_title_18,11
14,source_info_desc_19,ico_mission_trail,40120303,0,0,1,source_info_title_19,1
1001,source_info_desc_17,ico_mission_forge,40120401,0,0,1,source_info_title_17,10
1001,source_info_desc_18,ico_mission_raid,40120402,0,0,1,source_info_title_18,11
14,source_info_desc_19,ico_mission_trail,40120403,0,0,1,source_info_title_19,1
1001,source_info_desc_17,ico_mission_forge,40120501,0,0,1,source_info_title_17,10
1001,source_info_desc_18,ico_mission_raid,40120502,0,0,1,source_info_title_18,11
14,source_info_desc_19,ico_mission_trail,40120503,0,0,1,source_info_title_19,1
1001,source_info_desc_17,ico_mission_forge,40130101,0,0,1,source_info_title_17,10
1001,source_info_desc_18,ico_mission_raid,40130102,0,0,1,source_info_title_18,11
14,source_info_desc_19,ico_mission_trail,40130103,0,0,1,source_info_title_19,1
1001,source_info_desc_17,ico_mission_forge,40130201,0,0,1,source_info_title_17,10
1001,source_info_desc_18,ico_mission_raid,40130202,0,0,1,source_info_title_18,11
14,source_info_desc_19,ico_mission_trail,40130203,0,0,1,source_info_title_19,1
1001,source_info_desc_17,ico_mission_forge,40130301,0,0,1,source_info_title_17,10
1001,source_info_desc_18,ico_mission_raid,40130302,0,0,1,source_info_title_18,11
14,source_info_desc_19,ico_mission_trail,40130303,0,0,1,source_info_title_19,1
1001,source_info_desc_17,ico_mission_forge,40130401,0,0,1,source_info_title_17,10
1001,source_info_desc_18,ico_mission_raid,40130402,0,0,1,source_info_title_18,11
14,source_info_desc_19,ico_mission_trail,40130403,0,0,1,source_info_title_19,1
1001,source_info_desc_17,ico_mission_forge,40130501,0,0,1,source_info_title_17,10
1001,source_info_desc_18,ico_mission_raid,40130502,0,0,1,source_info_title_18,11
14,source_info_desc_19,ico_mission_trail,40130503,0,0,1,source_info_title_19,1
1001,source_info_desc_17,ico_mission_forge,40140101,0,0,1,source_info_title_17,10
1001,source_info_desc_18,ico_mission_raid,40140102,0,0,1,source_info_title_18,11
14,source_info_desc_19,ico_mission_trail,40140103,0,0,1,source_info_title_19,1
1001,source_info_desc_17,ico_mission_forge,40140201,0,0,1,source_info_title_17,10
1001,source_info_desc_18,ico_mission_raid,40140202,0,0,1,source_info_title_18,11
14,source_info_desc_19,ico_mission_trail,40140203,0,0,1,source_info_title_19,1
1001,source_info_desc_17,ico_mission_forge,40140301,0,0,1,source_info_title_17,10
1001,source_info_desc_18,ico_mission_raid,40140302,0,0,1,source_info_title_18,11
14,source_info_desc_19,ico_mission_trail,40140303,0,0,1,source_info_title_19,1
1001,source_info_desc_17,ico_mission_forge,40140401,0,0,1,source_info_title_17,10
1001,source_info_desc_18,ico_mission_raid,40140402,0,0,1,source_info_title_18,11
14,source_info_desc_19,ico_mission_trail,40140403,0,0,1,source_info_title_19,1
1001,source_info_desc_17,ico_mission_forge,40140501,0,0,1,source_info_title_17,10
1001,source_info_desc_18,ico_mission_raid,40140502,0,0,1,source_info_title_18,11
14,source_info_desc_19,ico_mission_trail,40140503,0,0,1,source_info_title_19,1
1001,source_info_desc_1502051009,ico_mission_shop,41037001,1030008,0,1,source_info_title_15,9
1001,source_info_desc_15,ico_mission_shop,62003001,2054009,0,1,source_info_title_15,9
1001,source_info_desc_15,ico_mission_shop,62003002,2053009,0,1,source_info_title_15,9
1001,source_info_desc_15,ico_mission_shop,62004001,2052010,0,1,source_info_title_15,9
1001,source_info_desc_18,ico_mission_raid,1010000101,0,0,1,source_info_title_18,11
1001,source_info_desc_16,ico_mission_login,1010000102,140003,0,1,source_info_title_11,8
1001,source_info_desc_18,ico_mission_raid,1010000201,0,0,1,source_info_title_18,11
1001,source_info_desc_16,ico_mission_login,1010000202,140003,0,1,source_info_title_11,8
1001,source_info_desc_15,ico_mission_shop,1023000001,2052011,0,1,source_info_title_15,9
1001,source_info_desc_15,ico_mission_shop,1024000001,0,0,1,source_info_title_15,9
1001,source_info_desc_17,ico_mission_forge,90000000101,0,0,1,source_info_title_17,10
1001,source_info_desc_18,ico_mission_raid,90000000102,0,0,1,source_info_title_18,11
14,source_info_desc_19,ico_mission_trail,90000000103,0,0,1,source_info_title_19,1
1001,source_info_desc_17,ico_mission_forge,90000000201,0,0,1,source_info_title_17,10
1001,source_info_desc_18,ico_mission_raid,90000000202,0,0,1,source_info_title_18,11
14,source_info_desc_19,ico_mission_trail,90000000203,0,0,1,source_info_title_19,1
1001,source_info_desc_17,ico_mission_forge,90000000301,0,0,1,source_info_title_17,10
1001,source_info_desc_18,ico_mission_raid,90000000302,0,0,1,source_info_title_18,11
14,source_info_desc_19,ico_mission_trail,90000000303,0,0,1,source_info_title_19,1
1001,source_info_desc_17,ico_mission_forge,90000000401,0,0,1,source_info_title_17,10
1001,source_info_desc_18,ico_mission_raid,90000000402,0,0,1,source_info_title_18,11
14,source_info_desc_19,ico_mission_trail,90000000403,0,0,1,source_info_title_19,1
